Protocol,Official Twitter
Abracadabra Money,https://twitter.com/MIM_Spell
Algebra Finance,https://twitter.com/CryptoAlgebra
Ambient Finance/CrocSwap,https://twitter.com/ambient_finance
Animus Labs,https://twitter.com/0xAnimus
Aori,https://twitter.com/aori_io
Apiarist Finance,https://twitter.com/ApiaristFinance?s=20&t=bmFFz6t2wH52YvHD-XD7wg
Apiology DAO,https://twitter.com/ApiologyDAO
Arcas Protocol,https://twitter.com/Arcasprotocol?s=20&t=hZTCDcwWGTVN3Sr9mCPglQ
Artio Finance,https://twitter.com/artio_finance?s=20&t=bTlv6sIZ5HKF8CF2XDFU8Q
Avocado Finance,https://twitter.com/AvocadoProtocol?s=20
B2Options,https://twitter.com/B2Option?s=20&t=El35LqwPmwsf1YqnMwYHYg
BabyBera Finance,https://twitter.com/BabyBeraFinance?s=20&t=BV1yOz04pB8-f9BJjn9FyA
BearMinimumRecords,https://twitter.com/BearMinRecords
Bera Bets,https://twitter.com/BeraBetsGG?s=20&t=zC0HncSoZypLpQ_f0sK8sQ
Bera Collective,https://twitter.com/Beracollective?s=20&t=d75Mwp__FKnTZ7nkWAvrXw
Bera Infinity,https://twitter.com/BeraInfinity
Bera Inscription,https://twitter.com/BeraInscription
Bera Market,https://twitter.com/beramarketio?s=20&t=hDDgAuIo8AGbqCfp5vevSg
Bera Nodes,https://twitter.com/BeraNodes?s=20&t=utT0RMCH6sm_3iBput-rlg
Beraborrow,https://twitter.com/beraborrow
Berachein,https://twitter.com/berachein
BeraChill,https://twitter.com/BeraChill?s=20&t=jQeCeNcn9-RCuP1gdATbDQ
BeraCreek Finance,https://twitter.com/BeraCreek?s=20&t=5f4wh2PVPbU9NIqsUJ2i7g
BeraDegen,https://twitter.com/beradegen?s=20&t=JgeSMDktBoYEM4_ULrOvmg
Beradoge,https://twitter.com/beradoge
Beradrome,https://twitter.com/beradrome?s=20&t=fAzLu2Se4J_eIs-0i4K3Xg
BeraFlips,https://twitter.com/beraflips?s=20&t=OMYStt8vHmR5xhIyBTuIUQ
BeraLand,https://twitter.com/Bera_Land?s=20&t=tJ2SsotexNOMYMPNb_kiYg
Beralink,https://twitter.com/BeraLinks
BeraMarket,https://twitter.com/BeraMarketNFT?s=20&t=gFSyps5S4CUj0vjfhmN_XA
Beramonium Chronicles,https://twitter.com/Beramonium?s=20&t=m5obI3qZeX4R8Prjx61KAg
Beramuda Finance,https://twitter.com/BeramudaFinance?s=20&t=H3oFh50NmNJn09L5-TREXg
Beranames,https://twitter.com/Beranames
BeraPunks,https://twitter.com/Bera_Punks
Berasino,https://twitter.com/berasinocom?s=20&t=hDDgAuIo8AGbqCfp5vevSg
BeraSwap,https://twitter.com/BeraSwap?s=20&t=juVfTt5iKFu2jpbHz29aAg
BeraTone,https://twitter.com/BeratoneGame
BerryBad Finance,https://twitter.com/BerryBadFinance
Boink,https://twitter.com/boink_bera
Boopiter (Shogun),https://twitter.com/shogunfi
BumbiBera,https://twitter.com/BumbiBera?s=20&t=Ux-GHV1jCdacKSYqYPxzwA
Caviar,https://twitter.com/caviarAMM
Cooked Cxnts,https://twitter.com/cookedcxnts
CubHub,https://twitter.com/CubhubNFT
D2 Finance,https://twitter.com/D2_Finance
Exponents,https://twitter.com/Exponents_Fi
Fable Platform,https://twitter.com/Fable_Platform
Goldilocks,https://twitter.com/goldilocksmoney?s=20&t=7t5NgR2wPd8qnPoAr9KvSA
Grizzli Finance,https://twitter.com/Grizzli_Finance?s=20&t=eZ2Bsmmk66rhWGzjaZCP4w
GumBall Protocol/BeraBalls,https://twitter.com/GumBallProtocol?s=20&t=U9CEBQw1cs6TVA8WMZKF5Q
Gummi (prev Lendless),https://twitter.com/GummiFi
Henlo.Tech,https://twitter.com/HenloTech
Hiberanation,https://twitter.com/hiberanation?s=20&t=mfqq6vqdHtQ8sricpBdY1Q
Holyheld,https://twitter.com/holyheld
Honey DAO,https://twitter.com/HoneyyDAO?s=20&t=v0ggOiufHugGsf7M_h9ArQ
Honeypool,https://twitter.com/berahoneypool?s=20&t=zbd7SpUnnbxsmFk4X0H8hg
Honeypot Finance ,https://twitter.com/honeypotfinance?s=20&t=hoLifYl9BJb4WEnw1vh9Gw
Hyacinth,https://twitter.com/HyacinthAudits
Infrared,https://twitter.com/InfraredFinance
IVX,https://twitter.com/ivx_fi
Jokerace,https://twitter.com/jokerace_xyz
Kingdomly,https://twitter.com/KingdomlyApp
Kodiak,https://twitter.com/KodiakFi
LandX,https://twitter.com/landxfinance?s=20&t=1sPJDShRdI-oaFNvoNaWfA
Las Beras,https://twitter.com/LasBeras
Layer Zero,https://twitter.com/LayerZero_Labs
LiquiLabs Foundation,https://twitter.com/LiquiLabsFndn
Mijani DAO,https://twitter.com/MijaniDao
Ooga Booga,https://twitter.com/0xoogabooga
Orange Finance,https://twitter.com/0xOrangeFinance
Origami Finance,https://x.com/origami_fi
Paragons DAO,https://twitter.com/ParagonsDAO
Particle Network,https://twitter.com/ParticleNtwrk
Phoney Money,https://twitter.com/phoneybera?s=20&t=YXcAbFyNaDcNyE8WPUDGIg
Plug,https://twitter.com/beraplug
Protecc,https://twitter.com/Proteccxyz
Puffpaw,https://twitter.com/puffpaw_xyz
Ramen FInance,https://twitter.com/ramen_finance
Redacted Cartel,https://twitter.com/redactedcartel
RnodeC,https://twitter.com/RnodeC
Scatter,https://twitter.com/scatter_art
Smilee Finance,https://twitter.com/SmileeFinance
Space Bera,https://twitter.com/SpaceBera?s=20&t=KwB2h6d3buC7DDjnafxdxw
Stacking Salmon,https://twitter.com/stackingsalmon?s=20&t=4rLDa58d9glLR6R9ua638w
Standard & Paws,https://twitter.com/StandardAndPaws
Sudoswap,https://twitter.com/sudoswap
Tapioca DAO,
TeddyBera DAO,https://twitter.com/TeddyBeraNFT
The Honey Cast,https://twitter.com/Bera_Podcast
The Honey Jar,https://twitter.com/0xhoneyjar
Ursadom Labs,https://twitter.com/ursadomlabs?s=20&t=2i7SWDrPeOjNsOh9yfxtew
Vase Finance / Booga Beras,https://twitter.com/BoogaBeras
Wakalah,https://twitter.com/wakalahxyz
Wizzwoods,https://twitter.com/Wizzwoods_game
Y2K Finance,https://twitter.com/y2kfinance
Yeet It,https://twitter.com/eatsleepyeet
Berally,https://x.com/Berally_io
Sunrise,
Berapong,https://x.com/BeraPong
Dirac finance,https://x.com/DiracFinance
Union,https://x.com/union_build
Berapaws,https://x.com/0xBeraPaw
Jiko,https://x.com/Jikofunfinance
Junkyursa,https://x.com/JunkyUrsas
Berabot,https://x.com/Berabot_
Beravote / Quicksnap,https://x.com/BeraVote
Fartybera,https://x.com/fartybera
Bera Reserve,https://x.com/Bera_Reserve
Wagmipad,https://x.com/Wagmipad
Unemeta,https://x.com/UNE_KUMAMON_NFT
Arkto,https://x.com/arktoshidotcom
Berahorse,https://x.com/berahorses
Beracana,https://x.com/beracana
Honeyflow finance,https://x.com/HoneyflowFi
Beragio,https://x.com/beragiogames
Bullas,https://x.com/TheBullas_
Beracore,https://x.com/beracore_
NAV,https://x.com/BeraNav_xyz
Bera Arena,
Fareplay,https://x.com/fareplayio
Mozaic,
Arbera,https://x.com/ArbitrageBera
Henlo,https://x.com/henlo
Beratrax,https://x.com/beratrax
Berapoker,https://x.com/BeraPoker_
Smilee,https://x.com/SmileeFinance
,https://x.com/Beranames
,https://x.com/BigBeraLabs
,https://x.com/BlockChain_lol
,https://x.com/Berakin_io
,https://x.com/dinero_xyz